{
  // These tasks will run in order when initializing your CodeSandbox project.
  "setupTasks": [
    {
      "command": "pnpm install",
      "name": "Installing Dependencies"
    }
  ],

  // These tasks can be run from CodeSandbox. Running one will open a log in the app.
  "tasks": {
    "start": {
      "name": "start",
      "command": "pnpm start",
      "runAtStart": true,
      "preview": {
        "port": 3000
      }
    },
    "build": {
      "name": "build",
      "command": "pnpm build"
    },
    "test": {
      "name": "test",
      "command": "pnpm test"
    },
    "eject": {
      "name": "eject",
      "command": "pnpm eject"
    }
  }
}
