id,Created (UTC),Active,Currency,Url,Name,event (metadata),product_type (metadata),ticket_tier (metadata)
plink_1TePI2ChHm1uJK9xP30I4QEu,2026-06-04 00:37,true,usd,https://buy.stripe.com/8x2aEWcCdbP8eujelr6kg1o,Premium Custom Event Deposit,,,
plink_1TePHNChHm1uJK9xvtJ7nQLg,2026-06-04 00:37,true,usd,https://buy.stripe.com/00waEW31D6uO4TJ9176kg1n,Cookout Crew We Outside Package,,,
plink_1TePFhChHm1uJK9xLs0CEQSv,2026-06-04 00:35,true,usd,https://buy.stripe.com/7sY8wOcCd6uOcmbdhn6kg1m,Cookout Crew Family Function Package,,,
plink_1TePCZChHm1uJK9x9Cxgqk9d,2026-06-04 00:32,true,usd,https://buy.stripe.com/28EfZg59L8CW99Z3GN6kg1l,Cookout Crew Bronze Event Package,,,
plink_1TeOPCChHm1uJK9xobwvjkDK,2026-06-03 23:41,true,usd,https://buy.stripe.com/cNi6oGcCddXg85Velr6kg1k,Olivia & Eddie Wedding Operations Retainer,,,
plink_1Te5XZChHm1uJK9x9cqIshM2,2026-06-03 03:32,true,usd,https://buy.stripe.com/fZu7sKby9dXg3PF2CJ6kg1j,Property Reset Deposit,,,
plink_1Te5XMChHm1uJK9xS8TYFkZW,2026-06-03 03:32,true,usd,https://buy.stripe.com/eVq14mdGh06qdqf7X36kg1i,Court Filing Courier,,,
plink_1Te5X0ChHm1uJK9xh5c6iFZu,2026-06-03 03:31,true,usd,https://buy.stripe.com/9B69ASau5aL485Vdhn6kg1h,Records Organization Starter,,,
plink_1Te5WvChHm1uJK9xHg8PUoNT,2026-06-03 03:31,true,usd,https://buy.stripe.com/dRm4gycCd2eyeujdhn6kg1g,Document Packaging & Submission Support,,,
plink_1Te5WRChHm1uJK9xAhw9PadI,2026-06-03 03:31,true,usd,https://buy.stripe.com/aFa7sK6dPcTc4TJ1yF6kg1f,Administrative Support Session,,,
plink_1SrfbtChHm1uJK9xKETVlsMh,2026-01-20 14:08,true,usd,https://buy.stripe.com/eVq9AS8lX5qKbi7b9f6kg1e,Legal Document Preparation,,,
plink_1SrfWpChHm1uJK9xIrmysaqs,2026-01-20 14:03,true,usd,https://buy.stripe.com/7sYeVc8lXf1kfyn2CJ6kg1d,"Printing, Scanning & Document Handling",,,
plink_1SrSAmChHm1uJK9xmPUtH2cI,2026-01-19 23:47,true,usd,https://buy.stripe.com/6oU28q9q16uO71R0uB6kg1c,Travel & Convenience Fee,,,
plink_1SrS9YChHm1uJK9xitCbrqae,2026-01-19 23:46,true,usd,https://buy.stripe.com/28E4gyau5cTcfyn6SZ6kg1b,Additional Notarization,,,
plink_1SrS8DChHm1uJK9xvqwgwQMS,2026-01-19 23:45,true,usd,https://buy.stripe.com/eVqeVcfOpdXgdqf3GN6kg1a,Mobile Notary Service,,,
plink_1SrMgHChHm1uJK9xq1lTbCKC,2026-01-19 17:56,true,usd,https://buy.stripe.com/28E4gy0Tv9H01Hx7X36kg19,Trust Signing Appointment,,,
plink_1SrMfIChHm1uJK9xFVOuZomH,2026-01-19 17:55,true,usd,https://buy.stripe.com/6oU7sK45H4mGae3fpv6kg18,Loan Signing Appointment,,,
plink_1SrMeJChHm1uJK9xzyCfrwb3,2026-01-19 17:53,true,usd,https://buy.stripe.com/bJecN4eKl9H04TJ5OV6kg17,Apostille Facilitation,,,
plink_1SrMdNChHm1uJK9xddQKqCcd,2026-01-19 17:53,true,usd,https://buy.stripe.com/8x27sK1XzcTc85V2CJ6kg16,I-9 Employment Verification,,,
plink_1SrMbxChHm1uJK9xdASZwIRT,2026-01-19 17:51,true,usd,https://buy.stripe.com/9B6aEWgStg5ocmbelr6kg15,Power of Attorney (POA) Notarization,,,
plink_1Sr4J5ChHm1uJK9xs6c1J9xs,2026-01-18 22:18,true,usd,https://buy.stripe.com/aFa7sKdGhcTc71Rfpv6kg14,Officiant Services – Date Reservation Deposit,,,
plink_1S0jFmChHm1uJK9xpFh9pEFj,2025-08-27 13:19,true,usd,https://buy.stripe.com/fZu6oG45H3iCdqf4KR6kg13,Witness Services and 1 more,,,
plink_1RwNH3ChHm1uJK9x3J5ybQ6M,2025-08-15 13:02,true,usd,https://buy.stripe.com/3cI14m9q11au2LBelr6kg12,Sign & Close Bundle,,,
plink_1RYHpdChHm1uJK9xy7whZpHb,2025-06-10 02:22,true,usd,https://buy.stripe.com/28E5kCfOpbP8bi7gtz6kg0v,Mobile Notary Visit,,,
plink_1RYHp0ChHm1uJK9xG28jhCbd,2025-06-10 02:21,true,usd,https://buy.stripe.com/dRmaEW31Dg5odqfa5b6kg0u,Apostille Assistance,,,
plink_1RYHogChHm1uJK9xaix19GLP,2025-06-10 02:21,true,usd,https://buy.stripe.com/eVq3cucCddXg2LB5OV6kg0t,Mobile Fingerprinting (FD-258),,,
plink_1RYHoFChHm1uJK9xN5VaogBf,2025-06-10 02:21,true,usd,https://buy.stripe.com/aFabJ06dP7ySae3fpv6kg0s,Mobile Fingerprinting (FD-258),,,
plink_1RYHnpChHm1uJK9xZD36EmVN,2025-06-10 02:20,true,usd,https://buy.stripe.com/7sYaEW45H4mG1Hxgtz6kg0r,I-9 Employment Verification,,,
plink_1RYHnVChHm1uJK9xytYTnrGg,2025-06-10 02:20,true,usd,https://buy.stripe.com/bJe8wO9q12ey4TJ2CJ6kg0q,Notary + Finance Session,,,
