[
  {
    "id": "fun-license-dad-mug",
    "title": "Fun License to Dad Coffee Mug",
    "images": ["1970d8d2b88.jpg", "1970d8d2b88 (1).jpg"],
    "paylink": "https://g3umzm-cq.myshopify.com/products/fun-license-to-dad-coffee-mug"
  },
  {
    "id": "grill-sergeant-towel",
    "title": "Grill Sergeant Beach Towel",
    "images": ["1970c282900.jpg", "1970c282900 (3).jpg", "1970c282900 (4).jpg"],
    "paylink": "https://g3umzm-cq.myshopify.com/products/grill-sergeant-beach-towel"
  },
  {
    "id": "real-mvp-towel",
    "title": "Beach Towel - The Real MVP",
    "images": ["1970c2830d0.jpg", "1970c2830d0 (1).jpg", "1970c2830d0 (2).jpg"],
    "paylink": "https://g3umzm-cq.myshopify.com/products/beach-towel-the-real-mvp"
  },
  {
    "id": "cheaper-keep-dad-mug",
    "title": "Cheaper to Keep Dad Mug",
    "images": ["1970c273ab8.jpg", "1970c273ab8 (1).jpg"],
    "paylink": "https://g3umzm-cq.myshopify.com/products/cheaper-to-keep-dad-mug"
  },
  {
    "id": "sealed-dadlivered-mug",
    "title": "Signed Sealed Dad-livered Coffee Cup",
    "images": ["1970d875758.jpg", "1970d875758 (1).jpg"],
    "paylink": "https://g3umzm-cq.myshopify.com/products/glass-mug-signed-sealed-dad-livered"
  },
  {
    "id": "dad-documents-sleeve",
    "title": "Dad Documents Laptop Sleeve",
    "images": ["1970d840b98.jpg"],
    "paylink": "https://g3umzm-cq.myshopify.com/products/dad-documents-laptop-sleeve"
  },
  {
    "id": "dads-beach-towel-1",
    "title": "Dad's Beach Towel",
    "images": ["1970c349c80.jpg", "1970c349c80 (1).jpg", "1970c349c80 (2).jpg"],
    "paylink": "https://g3umzm-cq.myshopify.com/products/dads-beach-towel"
  },
  {
    "id": "license-to-dad-towel",
    "title": "Dad's Beach Towel - License to Dad",
    "images": ["1970c343308.jpg", "1970c343308 (1).jpg", "1970c343308 (2).jpg"],
    "paylink": "https://g3umzm-cq.myshopify.com/products/license-to-dad-beach-towel"
  },
  {
    "id": "desk-mat-dad",
    "title": "Desk Mat for Coach Counselor Officiant Dad",
    "images": ["1970d7ff4b8.jpg", "1970d7ff4b8 (1).jpg"],
    "paylink": "https://g3umzm-cq.myshopify.com/products/desk-mat-for-dad"
  }
]
